questions_spa,questions_eng
¿Qué cosa importante o interesante has hecho de la cual te sientes orgulloso(a)?,What important or interesting thing have you done that you are proud of?
"¿Sueles ser puntual, o sueles llegar tarde?","Are you punctual, or are you often late?"
"¿En qué forma eres poco convencional, peculiar o excéntrico?","In what ways are you unconventional, quirky or eccentric?"
¿Con qué frecuencia sueles observar detalladamente a la gente que pasa?,How often do you tend to look closely at people passing by?
¿Cuál es tu bebida favorita?,What is your favourite drink?
¿Qué cosa esperas que nunca cambie?,What one thing do you hope never changes?
¿Cuál es el automóvil de tus sueños?,What is your dream car?
¿De dónde preferirías ser?,Where would you rather be from?
¿A qué cosas le darías una puntuación de 10 / 10?,What things would you give a score of 10 / 10?
¿En qué trabajo serías pésimo(a)?,Which job would you suck at?
¿Qué estás absolutamente decidido(a) a hacer?,What are you absolutely determined to do?
¿Qué habilidad te gustaría dominar o perfeccionar?,What skill would you like to master or perfect?
¿Qué sitio web visitas más?,Which website do you visit the most?
¿Cómo sería tu habitación o cuarto ideal?,What would your ideal room look like?
¿Hasta qué edad quieres vivir?,How old do you want to live?
¿Qué tipo de arte disfrutas más?,What kind of art do you enjoy the most?
¿Qué te hace perder mucho tiempo de tu día?,What takes a lot of time out of your day?
¿De qué te gustaría saber más?,What would you like to know more about?
¿Cuál es la mejor manera de empezar el día?,What is the best way to start your day?
¿De qué misterio te gustaría saber la respuesta?,What mystery would you like to know the answer to?
¿Qué tan diferente era tu vida hace un año?,How different was your life a year ago?
¿Cuál es el mejor día del calendario?,What is the best day on the calendar?
¿Cuáles son algunas cosas que has tenido que desaprender?,What are some things you have had to unlearn?
¿Cuál es tu género favorito de libros o películas?,What is your favourite genre of book or film?
¿Qué moda o tendencia esperas que vuelva?,What fad or trend do you hope will make a comeback?
¿En qué ciudad te gustaría vivir?,What city would you like to live in?
¿Cuándo fue la última vez que te subiste a un árbol sólo por diversión?,When was the last time you climbed a tree just for fun?
¿Cuál consideras que es tu mejor hallazgo?,What do you consider to be your best find?
¿Qué tiene de especial el lugar donde creciste?,What is special about the place where you grew up?
¿Qué edad te gustaría tener para siempre?,How old would you like to be forever?
¿En qué vale la pena gastar más para obtener lo mejor?,What is worth spending more on to get the best?
¿Por qué cosa es más probable que te hagas famoso(a)?,What are you most likely to become famous for?
¿A qué lugar ficticio te gustaría más ir?,What fictional place would you most like to go to?
¿En dónde está el lugar más relajante que has visitado?,Where is the most relaxing place you have ever visited?
¿Sobre qué te has formado una opinión recientemente?,What have you recently formed an opinion about?
¿Qué es lo más reconfortante que has visto?,What is the most comforting thing you have seen?
¿Cuál es la pieza de arte más interesante que has visto?,What is the most interesting piece of art you have seen?
¿Qué es algo que te gusta hacer a la antigua?,What is something you like to do the old-fashioned way?
¿Prefieres hacer ala delta o rafting en aguas bravas?,Do you prefer hang gliding or white water rafting?
¿Quién te ha impresionado más con lo que ha logrado?,Who has impressed you the most with what they have achieved?
¿Cómo te relajas después de un duro día de trabajo?,How do you relax after a hard day's work?
¿Qué programa de televisión o película popular te niegas a ver?,What popular TV show or movie do you refuse to watch?
¿En qué trabajo crees que serías realmente bueno(a)?,What job do you think you would be really good at?
¿Qué mascotas tuviste mientras crecías?,What pets did you have growing up?
¿Dónde pasarías todo tu tiempo si pudieras?,Where would you spend all your time if you could?
¿Cuál sería la aventura más increíble que podrías tener?,What would be the most amazing adventure you could have?
¿Cuál sería tu forma ideal de pasar el fin de semana?,What would be your ideal way to spend the weekend?
¿Cuál es la mejor manera en que una persona puede gastar su tiempo?,What is the best way for a person to spend their time?
¿Qué es lo que realmente quieres pero que no te puedes permitir todavía?,What is something you really want but can't afford yet?
¿Qué es lo más afortunado que te ha pasado?,What is the luckiest thing that has happened to you?
¿Cuáles son algunas pequeñas cosas que hacen que tu día sea mejor?,What are some of the little things that make your day better?
¿Cuál fue la mejor cosa que te pasó la semana pasada?,What was the best thing that happened to you last week?
¿Qué cosa estás esperando que suceda en los próximos meses?,What are you looking forward to happening in the next few months?
¿Cuál es el hábito más molesto que tienen otras personas?,What is the most annoying habit that other people have?
¿En qué universo de un juego o película te gustaría vivir?,What game or movie universe would you like to live in?
¿Cuál es la cosa más impresionante que sabes hacer?,What is the most impressive thing you know how to do?
¿De qué pregunta te gustaría saber la respuesta?,What question would you like to know the answer to?
¿Qué cosa te interesa que la mayoría de la gente no conoce?,What is something that interests you that most people don't know about?
¿Por qué decidiste tener el trabajo que tienes ahora?,Why did you decide to have the job you have now?
¿A qué estado o país no quieres volver nunca?,What state or country do you never want to go back to?
¿A dónde sueles ir cuando tienes tiempo libre?,Where do you usually go when you have free time?
¿Qué es lo que más esperas que suceda en los próximos diez años?,What do you most look forward to happening in the next ten years?
¿Cuál es la pregunta más molesta que la gente te hace regularmente?,What is the most annoying question people ask you on a regular basis?
"Si de repente te convirtieras en un maestro de la carpintería, ¿qué construirías?","If you were to suddenly become a master carpenter, what would you build?"
¿Sobre qué podrías dar una presentación de cuarenta minutos sin ningún tipo de preparación?,What could you give a forty-minute presentation about without any preparation?
¿Qué cosa impresionante hiciste que nadie estuvo cerca para ver?,What impressive thing did you do that no one was around to see?
¿Qué pasatiempo tendrías si el tiempo y el dinero no fueran un problema?,What hobby would you have if time and money were no object?
"Si no tuvieras que dormir, ¿qué harías con el tiempo extra?","If you didn't have to sleep, what would you do with the extra time?"
"Cuando las personas se acercan a ti en busca de ayuda, ¿con qué cosas suelen querer ayuda?","When people come to you for help, what things do they usually want help with?"
¿Qué es algo que tú crees que todas las personas deberían hacer por lo menos una vez en sus vidas?,What is something you think everyone should do at least once in their lives?
¿Qué es algo que has querido probar o hacer pero que aún no te has decidido a intentar?,What is something you've wanted to try or do but haven't decided to try yet?
"Si todos los trabajos tuvieran el mismo salario y las mismas horas, ¿qué trabajo te gustaría tener?","If all jobs had the same pay and the same hours, what job would you like to have?"
¿A qué banda o artista acudes cuando no puedes decidirte por algo que escuchar?,What band or artist do you turn to when you can't decide on something to listen to?
"¿Qué es algo que la mayoría de la gente considera un lujo, pero del que no crees que puedas prescindir?","What is something that most people consider a luxury, but you don't think you can do without?"
¿Cuál sería tu primera pregunta después de despertar de estar congelado criogénicamente durante cien años?,What would be your first question after waking up from being cryogenically frozen for a hundred years?
"¿Qué es algo con lo que un montón de gente está obsesionada, pero que tu no entiendes el punto de ello?","What is something that a lot of people are obsessed with, but you don't understand the point of it?"
"Si pudieras convertir cualquier actividad en un deporte Olímpico, ¿en qué “deporte” tendrías una muy buena probabilidad de ganar una medalla?","If you could turn any activity into an Olympic sport, in what ""sport"" would you have a very good chance of winning a medal?"
¿Qué pieza de entretenimiento te gustaría poder borrar de tu memoria para que pudieras experimentarla de nuevo por primera vez?,What piece of entertainment would you want to be able to erase from your memory so you could experience it again for the first time?
"Si tuvieras fondos ilimitados para construir una casa en la que vivirías el resto de tu vida, ¿cómo sería la casa terminada?","If you had unlimited funds to build a house that you would live in for the rest of your life, what would the finished house look like?"
¿En dónde está el lugar más hermoso que conoces cerca de donde vives?,Where is the most beautiful place you know near where you live?
¿Qué llevas contigo a todas partes?,What do you take with you everywhere you go?
¿Cuánto tiempo pasas en Internet? ¿Qué sueles hacer?,How much time do you spend on the Internet? What do you usually do?
¿Cuál es el hábito más asqueroso que tienen algunas personas?,What is the most disgusting habit that some people have?
¿Qué noticia reciente es la más interesante que has escuchado/leído?,What is the most interesting recent news you have heard/read?
¿Cuál es el peor lugar en el que has estado atrapado durante mucho tiempo?,What is the worst place you have been stuck in for a long time?
"Si tuvieras que cambiar tu nombre, ¿cuál escogerías?","If you had to change your name, what would you choose?"
¿Qué es algo que realmente te molesta pero que no molesta a la mayoría de la gente?,What is something that really bothers you but doesn't bother most people?
¿Qué palabra o dicho del pasado crees que debería volver a usarse?,What word or saying from the past do you think should be used again?
"¿Cómo debería medirse el éxito? Y, de acuerdo con esta medida, ¿quién es la persona más exitosa que conoces?","How should success be measured? And, according to this measure, who is the most successful person you know?"
¿Cuál es tu placer culposo?,What is your guilty pleasure?
¿Experimentaste alguna vez un evento en tu vida que desafía toda explicación?,Have you ever experienced an event in your life that defies explanation?
"Si pudieras conocer la respuesta a una pregunta sobre tu futuro, ¿cuál sería la pregunta?","If you could know the answer to a question about your future, what would the question be?"
¿Qué cosa aportas al grupo cuando sales con tus amigos?,What do you bring to the group when you hang out with your friends?
¿Con qué frecuencia maldices o dices groserias? ¿Y cuál es tu cadena de palabras groseras o vulgares preferida?,"How often do you curse or swear, and what is your favourite string of swear words?"
¿Qué modas o tendencias seguiste cuando eras más joven?,What fads or trends did you follow when you were younger?
¿Cuál fue el mejor período de tu vida hasta ahora? ¿Cuál crees que será el mejor período de toda tu vida?,What was the best period of your life so far? What do you think will be the best period of your whole life?
¿Qué haces para mejorar tu estado de ánimo cuando estás de mal humor?,What do you do to improve your mood when you are in a bad mood?
¿Cuál es el miedo más tonto que padeces?,What is the silliest fear you have?
¿Cuál es la mejor habitación o parte de tu casa y por qué?,What is the best room or part of your house and why?
¿Quién es alguien popular ahora que realmente te gusta? ¿Por qué te gustan tanto?,Who is someone popular now that you really like? Why do you like them so much?
¿Cuál es el mejor lugar para tener una cita?,What is the best place to go on a date?
¿Qué olor te trae grandes recuerdos?,What smell brings back great memories?
¿Cuál es el mejor nombre de mascota que se te ocurre para un tipo específico de mascota?,What is the best pet name you can think of for a specific type of pet?
¿Con qué frecuencia ayudas a los demás? ¿A quién ayudas? ¿Cómo ayudas?,How often do you help others? Who do you help? How do you help?
¿Qué te pone nervioso(a)?,What makes you nervous?
¿Quién es la persona más graciosa que has conocido?,Who is the funniest person you have ever met?
¿Qué talento raro o inútil tienes?,What weird or useless talent do you have?
¿Cuáles son algunas extrañas creencias que tienen las personas?,What are some strange beliefs that people have?
"¿Quién sería la peor persona con la que podrías estar atrapado(a) en un ascensor? Y, ¿qué tal la mejor persona para estar atrapada en un ascensor?",Who would be the worst person you could be stuck in a lift with? And how about the best person to be stuck in a lift with?
¿Cuál fue el mejor regalo de cumpleaños que has recibido?,What was the best birthday present you ever received?
¿Cuál fue el último video gracioso que viste?,What was the last funny video you watched?
¿Qué es algo que te obsesiona?,What is something you obsess about?
¿Qué tres palabras te describen mejor?,What three words best describe you?
¿Cómo sería un fin de semana perfecto para ti?,What would a perfect weekend be like for you?
¿Cuál es tu número favorito y por qué?,What is your favourite number and why?
¿Qué vas a hacer este fin de semana?,What are you doing this weekend?
¿Qué es lo más útil que posees?,What is the most useful thing you own?
¿Cuál es tu manera favorita de perder el tiempo?,What is your favourite way to waste time?
¿Qué piensas de los tatuajes? ¿Tienes alguno?,"What do you think about tattoos, do you have any?"
¿Tienes alguna mascota? ¿Cuál/Cuáles son su(s) nombre(s)?,Do you have any pets? What is/are their name(s)?
¿Qué cosa popular en la actualidad  te molesta?,What currently popular thing bothers you?
¿Qué hiciste en tus últimas vacaciones?,What did you do on your last holiday?
¿Cuándo fue la última vez que trabajaste increíblemente duro?,When was the last time you worked incredibly hard?
"¿Eres muy activo(a), o prefieres relajarte en tu tiempo libre?","Are you very active, or do you prefer to relax in your free time?"
¿Qué haces cuando sales con tus amigos(as)?,What do you do when you go out with your friends?
¿A cuál de tus amigos conoces desde hace más tiempo? ¿Dónde lo conociste?,Which of your friends have you known the longest? Where did you meet them?
¿Qué es lo mejor y lo peor de tu trabajo/escuela?,What is the best and worst thing about your job/school?
"Si tuvieras música de intro en tu vida, ¿qué canción sería? ¿Por qué?","If you had intro music in your life, what song would it be? Why?"
¿Qué te interesaba mucho cuando eras niño(a)?,What were you most interested in as a child?
"Si pudieras tener cualquier animal como mascota, ¿qué animal elegirías?","If you could have any animal as a pet, what animal would you choose?"
¿Alguna vez has salvado la vida de un animal? ¿o la vida de una persona?,"Have you ever saved an animal's life, or a person's life?"
"¿Quién es tu artista favorito (comediante, músico, actor, etc.)?","Who is your favourite artist (comedian, musician, actor, etc.)?"
¿Eres una persona muy organizada?,Are you a very organised person?
¿Alguna vez has hecho una presentación frente a un gran grupo de personas? ¿Cómo te fue?,Have you ever performed in front of a large group of people? How did it go?
¿Cuál es el sueño más extraño que has tenido?,What is the strangest dream you have ever had?
¿Quién era tu mejor amigo en la escuela primaria?,Who was your best friend in primary school?
¿Con qué frecuencia te quedas despierto después de las tres de la mañana?,How often do you stay up past three in the morning?
"¿Qué es más importante, tener un gran automóvil o una gran casa? ¿Por qué?","What is more important, having a big car or a big house? Why?"
¿Qué animal o insecto desearías que los humanos pudieran erradicar?,What animal or insect do you wish humans could eradicate?
"Si abrieras un negocio, ¿qué tipo de negocio sería?","If you were to open a business, what kind of business would it be?"
"Si tu mente fuera una isla, ¿cómo sería?","If your mind were an island, what would it look like?"
¿Qué sabor de helado desearías que existiera?,What flavour of ice cream do you wish existed?
"Si tuvieras una mascota personal (talismán de buena suerte), ¿cuál sería tu mascota?","If you had a personal pet (good luck talisman), what would your pet be?"
"Si fueras un rey o reina, ¿cómo sería tu trono?","If you were a king or queen, what would your throne look like?"
El tiempo se congela para todos menos para ti por un día. ¿Qué harías?,Time freezes for everyone but you for one day. What would you do?
Tienes que revivir un día de tu vida para siempre. ¿Qué día eliges?,You have to relive one day of your life forever. Which day do you choose?
¿Cómo luciría tu propio infierno personal? ¿Qué tal tu propio cielo personal?,What would your own personal hell look like? How about your own personal heaven?
"Encuentras un control remoto que puede rebobinar, avanzar rápidamente, detenerse y comenzar el Tiempo. ¿Qué haces con él?","You find a remote control that can rewind, fast forward, stop and start Time. What do you do with it?"
"Si pudieras llamar a cualquiera en el mundo y tener una conversación de una hora, ¿a quién llamarías?","If you could call anyone in the world and have an hour-long conversation, who would you call?"
"El mundo se ha infestado de perros rabiosos con la inteligencia de un niño de cinco años, ¿en dónde te refugias para sobrevivir al “perropocalipsis”?","The world has become infested with rabid dogs with the intelligence of a five year old, where do you take refuge to survive the ""perropocalypse""?"
Un portal a otro mundo se abre delante de ti. No sabes cuánto tiempo permanecerá abierto o si podrás volver después de atravesarlo. ¿Qué haces?,A portal to another world opens before you. You don't know how long it will remain open or if you will be able to return after you pass through it. What do you do?
"Si pudieras hacer una llamada telefónica de veintidós segundos a ti mismo en cualquier momento de tu vida presente o futura, ¿cuándo llamarías y qué dirías?","If you could make a twenty-two second phone call to yourself at any time in your present or future life, when would you call and what would you say?"
"Si pudieras tener una vela interminable que oliera como cualquier cosa que quisieras, ¿qué fragancia querrías que tuviera?","If you could have an endless candle that smelled like anything you wanted, what fragrance would you want it to have?"
"Si hicieran una película de tu vida, ¿qué actor o actriz haría el papel principal?","If they made a movie of your life, which actor or actress would play the lead role?"
"Si pudieras abolir una ley, ¿cuál sería? ¿Qué leyes crearías?","If you could abolish one law, what would it be? What laws would you create?"
"Si existieran las vidas extra en la vida real, ¿cómo se obtendrían?","If extra lives existed in real life, how would you get them?"
"Si fueras una comida, ¿Cuál serías?","If you were a food, what would you be?"
¿Qué animal crees que se vería mejor si estuviera cubierto de vendas?,What animal do you think would look better if it were covered in bandages?
"Si pudieras diseñar uno, ¿cómo sería tu planeta ideal?","If you could design one, what would your ideal planet look like?"
¿Cuál sería tu estrategia para sobrevivir a un apocalipsis zombi?,What would be your strategy for surviving a zombie apocalypse?
"Si pudieras ser el director general de una empresa, ¿qué empresa elegirías?","If you could be the CEO of a company, which company would you choose?"
"Si pudieras intercambiar los sonidos de dos animales, ¿cuáles elegirías?","If you could interchange the sounds of two animals, which would you choose?"
"Si te dieran la oportunidad de no sentir dolor de forma permanente, ¿aceptarías?","If you were given the opportunity to be permanently pain-free, would you accept?"
¿En qué mundo de caricatura te gustaría vivir por una semana?,What cartoon world would you like to live in for a week?
¿Qué desearías que creciera en los árboles?,What would you wish would grow on trees?
¿Qué cosa o actividad extraña harías que fuera socialmente aceptable?,What strange thing or activity would you do that would be socially acceptable?
"Si pudieras transportarte instantáneamente a un punto aleatorio de la línea del tiempo de la humanidad cada vez que tronaras los dedos, ¿aceptarías hacerlo? Si respondiste que sí, ¿con cuánta frecuencia lo harías?","If you could instantly transport yourself to a random point on humanity's timeline every time you snapped your fingers, would you agree to do it? If you answered yes, how often would you do it?"
"Si tú y tus amigos tuvieran que oler un solo aroma durante toda la vida (aparte de tu olor natural), ¿Cuál elegirías?","If you and your friends had to smell only one scent for a lifetime (other than your natural scent), which one would you choose?"
"Si pudieras mejorar cualquier aspecto de tu personalidad (ej., fuerza, inteligencia, carisma, etc.), pero cada uno tuvieras que empeorar otro, ¿qué aspectos mejorarías, y cuáles sacrificarías?","If you could improve any aspect of your personality (e.g., strength, intelligence, charisma, etc.), but each had to make another worse, which aspects would you improve, and which would you sacrifice?"
"Si los humanos perdieran la capacidad para ver todos los colores excepto uno, ¿qué color crees que sobreviviría?","If humans lost the ability to see all colors except one, which color do you think would survive?"
"Si fueras el dictador de un pequeño país, ¿qué cosas te gustaría hacer?","If you were the dictator of a small country, what things would you like to do?"
"Si tus sábanas estuvieran hechas de embutidos, ¿qué carne fría elegirías?","If your sheets were made of sausage, what cold meat would you choose?"
"Si pudieras ponerle alas a un animal, ¿qué animal elegirías?","If you could put wings on an animal, what animal would you choose?"
¿Qué tan diferente sería el mundo si los dirigibles fueran la principal forma de viaje aéreo?,How different would the world be if airships were the main form of air travel?
"Cada día, aparecen 12 objetos aleatorios en tu patio, pero todos comienzan con la letra de tu elección. ¿Qué letra elegirías?","Every day, 12 random objects appear in your yard, but they all begin with the letter of your choice. which letter would you choose?"
"Si no tuvieras que preocuparte por el dinero, ¿qué harías, y cómo crees que sería tu estilo de vida?","If you didn't have to worry about money, what would you do, and what do you think your lifestyle would be like?"
"Al morir, ¿qué preferirías: Dejar de existir o deambular eternamente por la Tierra sin poder interactuar con nada ni nadie?","When you die, what would you prefer: to cease to exist or to wander the Earth eternally without being able to interact with anyone or anything?"
"Si pudieras mudarte a cualquier parte del mundo, y tuvieras un salario para vivir bien, ¿en dónde te gustaría vivir?","If you could move anywhere in the world, and you had a good living wage, where would you like to live?"
"Si pudieras conseguir un boleto para cualquier espectáculo o evento, ¿a qué te gustaría asistir?","If you could get a ticket to any show or event, what would you like to attend?"
"Si pudieras viajar en el tiempo y darles un consejo a tus padres antes de que nacieras, ¿qué consejo les darías?","If you could travel back in time and give your parents advice before you were born, what advice would you give them?"
"Si todos fuéramos mentalmente incapaces de mentir, ¿cómo crees que eso cambiaría nuestro mundo?","If we were all mentally incapable of lying, how do you think that would change our world?"
"Tienes la opción de ser invisible. Sin embargo, tendrías que serlo de forma permanente. En este caso, ¿te gustaría ser invisible?","You have the option to be invisible. However, you would have to be permanently invisible. In this case, would you like to be invisible?"
"Si tuvieras que inventar un baile que nunca antes se ha visto en toda la historia de la humanidad, ¿qué clase de baile te gustaría hacer?","If you had to invent a dance that has never been seen before in all of human history, what kind of dance would you like to do?"
"Si pudieras eliminar la existencia de algo, como un recuerdo, objeto o animal, ¿qué te gustaría eliminar?","If you could eliminate the existence of something, such as a memory, object or animal, what would you like to eliminate?"
"Si la ley te obligara a tener un tatuaje de cuerpo completo, ¿qué te gustaría incluir?","If you were required by law to have a full body tattoo, what would you like to include?"
"Si fueras el gerente de desarrollo de productos en una cadena de comida rápida, ¿qué abominación te gustaría crear?","If you were the product development manager at a fast food chain, what abomination would you like to create?"
"Si pudieras cambiar los sonidos que hace tu cuerpo (ej., eructo, gas, bostezo, estornudo, etc.), ¿qué efectos de sonido te gustaría implementar?","If you could change the sounds your body makes (e.g., burp, gas, yawn, sneeze, etc.), what sound effects would you like to implement?"
"Si te obligaran a luchar en un combate de gladiadores, pero tuvieras que elegir un arma que usualmente no se considera un arma, ¿qué elegirías?","If you were forced to fight in a gladiatorial combat, but had to choose a weapon that is not usually considered a weapon, what would you choose?"
"Si pudieras reemplazar cualquier palabra de uso común con otra, sin que nadie se enterara, ¿qué palabra elegirías?","If you could replace any commonly used word with another word, without anyone knowing, what word would you choose?"
"Si pudieras viajar en el tiempo y ganar una discusión que no ganaste en el pasado, ¿qué discusión elegirías?","If you could travel back in time and win an argument that you didn't win in the past, what argument would you choose?"
"Si reencarnaras en un animal según tu personalidad, ¿en qué animal crees que te convertirías?","If you were to be reincarnated into an animal based on your personality, what animal do you think you would become?"
"Si tuvieras que ser atormentado por un fantasma de un amigo o conocido por el resto de tu vida, ¿a quién elegirías?","If you had to be haunted by a ghost of a friend or acquaintance for the rest of your life, who would you choose?"
"Si las personas estuvieran obligadas a divulgar las cosas buenas y malas que les han sucedido, ¿crees que las redes sociales serían más, o menos, populares?","If people were forced to disclose the good and bad things that have happened to them, do you think social media would be more, or less, popular?"
"Si trabajaras en la industria del entretenimiento y tuvieras un seudónimo, ¿cuál sería?","If you worked in the entertainment industry and had a pseudonym, what would it be?"
¿Qué cosa futurista de una película o libro de ciencia ficción te gustaría que existiera en este momento?,What futuristic thing from a sci-fi movie or book would you want to exist right now?
"Si alguien fuera a nombrar a un animal o planta en tu honor, ¿qué cosa te gustaría que tuviera tu nombre?","If someone were to name an animal or plant after you, what thing would you want to be named after you?"
"Si pudieras crear un exitoso reality show, ¿qué concepto utilizarías?","If you could create a hit reality show, what concept would you use?"
"Si tuvieras que tener una cola, ¿qué cola elegirías y para qué la usarías?","If you had to have a tail, what tail would you choose and what would you use it for?"
"Si fueras un superhéroe/villano, pero solo pudieras tener superpoderes que no existan en ese tipo de mundos, ¿qué poderes tendrías y cuál sería tu nombre?","If you were a superhero/villain, but could only have superpowers that don't exist in those types of worlds, what powers would you have and what would your name be?"
"Si fueras un atleta profesional de algún deporte, ¿qué deporte te gustaría jugar y por qué?","If you were a professional athlete in any sport, what sport would you like to play and why?"
"Si te dieran el tonto superpoder de echar a perder cualquier comida que toques, ¿qué harías con ese superpoder?","If you were given the silly superpower to spoil any food you touched, what would you do with that superpower?"
"Si pudieras transportar un furioso elefante a cualquier momento de la historia, ¿dónde lo pondrías?","If you could transport a raging elephant to any time in history, where would you put it?"
"Si te ofrecieran $10,000 cada vez que alguien te golpeara en la cara, ¿cuántas veces te gustaría ser golpeado?","If you were offered $10,000 every time someone punched you in the face, how many times would you want to be punched?"
"Si alguien te dejara una casa en su testamento, ¿dónde te gustaría que estuviera ubicada?","If someone left you a house in their will, where would you want it to be located?"
¿Te gustaría vivir en un mundo donde los pensamientos de la gente aparecieran como mensajes de texto arriba de su cabeza?,Would you want to live in a world where people's thoughts appeared as text messages above their head?
"Si pudieras comenzar una sociedad secreta, ¿cuáles serían tus objetivos y a quién incluirías?","If you could start a secret society, what would your goals be and who would you include?"
"Si pudieras comer el mismo desayuno, el mismo almuerzo (diferente al desayuno), y la misma cena (diferente al almuerzo) todos los días, ¿qué platillos elegirías?","If you could eat the same breakfast, the same lunch (different from breakfast), and the same dinner (different from lunch) every day, what dishes would you choose?"
"Si pudieras tomar dos horas de video de algún momento histórico, ¿qué momento elegirías?","If you could take two hours of video of any historical moment, what moment would you choose?"
"Si pudieras reemplazar la mano de obra con inteligencia artificial, ¿qué trabajo harías obsoleto?","If you could replace labor with artificial intelligence, what work would you make obsolete?"
"¿Te gustaría ser más inteligente, sabiendo que debes sacrificar tu felicidad?","Would you want to be smarter, knowing that you must sacrifice your happiness?"
"Si fueras obscenamente rico, ¿qué excentricidades extrañas te gustaría comprar?","If you were obscenely wealthy, what bizarre eccentricities would you like to buy?"
"Si tu perro o gato tuviera la oportunidad de decir únicamente una oración, ¿qué cosa extraña crees que diría?","If your dog or cat had the opportunity to say only one sentence, what strange thing do you think it would say?"
¿Cómo crees que cambiaría el mundo si no existiera el monólogo interno y todo lo que pensaras fuera dicho en voz alta?,How do you think the world would change if there was no such thing as internal monologue and everything you thought was said out loud?
"Si pudieras robar algún lugar sin sufrir ninguna clase de consecuencia, ¿qué lugar robarías?","If you could steal somewhere without suffering any kind of consequence, what place would you steal?"
"Si pudieras tronar los dedos y extinguir a una especie, ¿cuál elegirías?","If you could snap your fingers and make a species extinct, which one would you choose?"
"¿Te gustaría vivir en una casa donde todas las paredes estuvieran hechas de televisiones gigantes, y pudieras elegir los canales, pero no pudieras apagarlas?","Would you like to live in a house where all the walls were made of giant televisions, and you could choose the channels, but you couldn't turn them off?"
"Si fundaras un grupo de activismo, ¿contra qué lucharías, y cómo se llamaría?","If you founded an activist group, what would you fight against, and what would it be called?"
¿Cómo cambiaría nuestra percepción del espacio si la Luna estuviera hecha de queso?,How would our perception of space change if the Moon were made of cheese?
"¿Qué prefieres: ser increíblemente gracioso y extrovertido, callado e increíblemente inteligente, o ser como eres ahora?","Which would you prefer: to be incredibly funny and outgoing, quiet and incredibly smart, or to be the way you are now?"
"Si descubrieras que eres completamente resistente al daño físico, ¿cuáles serían las primeras cosas que harías?","If you discovered that you were completely resistant to physical harm, what would be the first things you would do?"
"Si pudieras elegir un apodo y hacer que las personas te llamaran de esa forma de manera seria (sin importar lo ridículo que sea), ¿qué apodo eligirías?","If you could choose a nickname and have people call you that in a serious way (no matter how ridiculous), what nickname would you choose?"
"Si descubrieras que el mundo es parte de una simulación, ¿cómo crees que actuarías?","If you discovered that the world was part of a simulation, how do you think you would act?"
"Si te regalaran un objeto de lujo que no pudieras vender, ¿cuál sería?","If you were given a luxury item that you couldn't sell, what would it be?"
"Si pudieras introducirte en la cabeza de alguien durante quince minutos, ¿a quién elegirías?","If you could get inside someone's head for fifteen minutes, who would you choose?"
"Si te dieran la oportunidad de beber leche de algún animal exótico (ej., leche de murciélago, mono, leopardo, etc.), ¿lo harías? ¿Qué leche beberías?","If you were given the opportunity to drink milk from an exotic animal (e.g., bat milk, monkey milk, leopard milk, etc.), would you do it? What milk would you drink?"
"Si fueras el próximo flautista de Hamelín, ¿qué animal te gustaría que te siguiera?","If you were the next pied piper, what animal would you want to follow you?"
"Si alguien creara un bar o una cafetería que únicamente incluyera lo que te gusta, ¿cómo sería?","If someone created a bar or coffee shop that only included what you like, what would it be like?"
"Si te dieran $50,000 por bailar durante 2 minutos sin música en un estadio repleto de gente, ¿lo harías? ¿Qué clase de baile harías?","If you were given $50,000 to dance for 2 minutes without music in a crowded stadium, would you do it? What kind of dancing would you do?"
¿Qué harías si tuvieras tu propia nave espacial del tamaño de una casa?,What would you do if you had your own spaceship the size of a house?
"Si pudieras controlar un elemento, ¿cuál elegirías?","If you could control one element, which one would you choose?"
"Si te ofrecieran un trabajo con un salario anual de $200,000 para ser un espantapájaros humano, ¿aceptarías?","If you were offered a job with a $200,000 annual salary to be a human scarecrow, would you take it?"
"Si fueras un ícono de la moda que convierte cualquier cosa en tendencia, ¿qué tendencias iniciarías?","If you were a fashion icon who turned anything into a trend, what trends would you start?"
"Si pudieras cambiar de cuerpo con cualquier persona durante 24 horas, ¿a quién elegirías?","If you could switch bodies with anyone for 24 hours, who would you choose?"
"¿De qué figura te gustaría que fuera tu casa (es decir, estrella, octágono, etc.)?","What shape would you want your house to be (i.e. star, octagon, etc.)?"
"Si pudieras hacerle tres preguntas a algún personaje histórico, ¿a quién elegirías y qué preguntas le harías? (Ellos podrán entender tus preguntas y tú podrás entender sus respuestas)","If you could ask any historical figure three questions, who would you choose and what questions would you ask them? (They will be able to understand your questions and you will be able to understand their answers)."
"Si pudieras poner una palabra en cualquier documento histórico, ¿qué palabra elegirías, y dónde la pondrías?","If you could put one word on any historical document, what word would you choose, and where would you put it?"
"Si pudieras hacer un piso o azulejo de algún material o comida, ¿de qué lo harías?","If you could make a floor or tile out of any material or food, what would you make it out of?"
"Si te dieran la oportunidad de volver a diseñar la bandera de tu país, ¿qué harías para cambiarla?","If you were given the opportunity to redesign your country's flag, what would you do to change it?"
¿Te gustaría ser el primer humano que tenga contacto con extraterrestres?,Would you like to be the first human to have contact with extraterrestrials?
"Si murieras y tuvieras que embrujar un lugar por el resto de la eternidad, ¿qué lugar elegirías?","If you died and had to haunt a place for the rest of eternity, what place would you choose?"
Debes enviar un mensaje de texto de 160 caracteres. ¿Qué escribirías? Debes tener en cuenta que todo el mundo lo verá.,"You must send a text message of 160 characters, what would you write? You must keep in mind that everyone will see it."
"Si pudieras colonizar otro planeta, ¿qué preferirías: quedarte en ese lugar o volver a la Tierra?","If you could colonize another planet, which would you prefer: stay there or return to Earth?"
"Si fueras un villano de una caricatura de los años 90, ¿dónde pondrías tu escondite y cómo sería? ¿Cómo crees que serían los uniformes de tus secuaces?","If you were a villain from a 1990s cartoon, where would you put your hideout and what would it look like? What do you think your minions' uniforms would look like?"
"Si fueras el rey o la reina de una civilización antigua, ¿cómo te gustaría que fuera tu tumba?","If you were the king or queen of an ancient civilization, what would you like your tomb to look like?"
"Si pudieras llamar durante veinte minutos a tu versión de quince años, ¿qué le dirías?","If you could call your fifteen-year-old version of yourself for twenty minutes, what would you say to him or her?"
"Si pudieras elegir la próxima tendencia falsa relacionada con la salud, ¿qué crearías?","If you could pick the next fake health-related trend, what would you create?"
Todos creen que serían parte de la realeza o serían caballeros en la Edad Media… pero seamos honestos: es probable que no lo sean. ¿Qué clase de plebeyo crees que serías si nacieras en esa época?,Everyone thinks they'd be part of royalty or be a knight in the Middle Ages...but let's be honest: they probably wouldn't be. What kind of commoner do you think you'd be if you were born in that era?
"Si fueras un transformer, ¿en qué vehículo te convertirías?","If you were a Transformer, what vehicle would you become?"
¿Qué clase de película o programa de televisión te gustaría crear si el dinero o las habilidades no fueran un impedimento?,What kind of movie or TV show would you like to create if money or skills were no object?
¿Qué parque de diversiones te gustaría que existiera?,What amusement park would you like to see exist?
¿Qué personaje de caricatura se vería terrorífico si existiera en la vida real?,What cartoon character would look terrifying if it existed in real life?
¿Qué animal se vería lindo si fuera del tamaño de un chihuahua?,What animal would look cute if it were the size of a Chihuahua?
"Si pudieras implantar un recuerdo falso en la mente de todos los ciudadanos de tu país, ¿qué implantarías?","If you could implant a false memory in the minds of all the citizens of your country, what would you implant?"
"Si pudieras convertir una cosa ilegal a legal, y otra cosa legal a ilegal, ¿qué cambiarías?","If you could turn one thing illegal to legal, and another thing legal to illegal, what would you change?"
"Si pudieras incluir una nueva palabra en el diccionario, ¿qué sería y cuál sería su definición?","If you could include a new word in the dictionary, what would it be and what would be its definition?"
"Si recibieras la pena de muerte y tuvieras que elegir la forma en que serás ejecutado, ¿cómo te gustaría morir?","If you received the death penalty and had to choose how you would be executed, how would you like to die?"
"Si tuvieras las habilidades y capacidades para jugar profesionalmente un deporte, ¿qué elegirías?","If you had the skills and abilities to play a sport professionally, what would you choose?"
"Si todos los humanos tuvieran piel y músculos transparentes, y pudiéramos ver cómo funcionan nuestros órganos, ¿qué crees que sucedería?","If all humans had transparent skin and muscles, and we could see how our organs worked, what do you think would happen?"
"Si tuvieras un símbolo o escudo que te representara, ¿cómo sería?","If you had a symbol or shield to represent you, what would it look like?"
"Si tuvieras que sufrir algún desastre natural, ¿cuál elegirías?","If you had to suffer a natural disaster, which one would you choose?"
¿Te gustaría conocer tu futuro si tuvieras que olvidar tu pasado?,Would you like to know your future if you had to forget your past?
"Si tuvieras que unirte al circo, ¿qué espectáculo te gustaría hacer?","If you had to join the circus, what show would you like to perform?"
"Si pudieras vivir bajo un régimen de gobierno diferente, ¿qué gobierno elegirías? (No elijas esta pregunta si tú o tus amigos tienen opiniones políticas muy fuertes.)","If you could live under a different government regime, which government would you choose? (Do not choose this question if you or your friends have very strong political opinions)."
"Si te dieran la oportunidad de crear tu propio negocio, ¿qué negocio crearías?","If you were given the opportunity to create your own business, what business would you create?"
"Si pudieras controlar tus sueños, ¿qué te gustaría soñar?","If you could control your dreams, what would you like to dream?"
¿Qué harías si te enteraras que una cucharada de tus lágrimas puede curar el cáncer de una sola persona?,What would you do if you found out that a tablespoon of your tears could cure cancer in just one person?
Tienes el superpoder de inyectar fobias a las personas. ¿A qué cosas divertidas e interesantes les harías temer?,You have the superpower to inject people with phobias - what fun and interesting things would you make them afraid of?
"Si pudieras vivir otros 100 años, pero tuvieras que ser viejo y frágil durante todo ese tiempo, ¿te gustaría seguir viviendo?","If you could live another 100 years, but had to be old and frail for that long, would you want to keep living?"
"Si pudieras remodelar alguna habitación de tu hogar, ¿qué habitación elegirías y qué harías para mejorarla?","If you could remodel any room in your home, what room would you choose and what would you do to improve it?"
"Si los extraterrestres nos invadieran y pusieran a los humanos en zoológicos, ¿qué te gustaría que hubiera en tu celda?","If aliens invaded us and put humans in zoos, what would you want in your cell?"
"Si pudieras viajar a cualquier parte del mundo, ¿qué lugar visitarías y por qué?","If you could travel anywhere in the world, what place would you visit and why?"
"Si pudieras mezclar dos juegos y hacer uno nuevo, ¿qué juegos elegirías y cuál crees que sería el resultado?","If you could mix two games and make a new one, what games would you choose and what do you think the result would be?"
"Si el juego de las “escondidas” fuera un deporte olímpico, ¿cómo crees que sería?","If the game of ""hide and seek"" were an Olympic sport, what do you think it would be like?"
"Si pudieras cambiar lo que dice la gente después de escuchar que alguien estornuda, ¿Qué crees que sería lo más divertido que pudieran decir?","If you could change what people say after they hear someone sneeze, what do you think would be the funniest thing they could say?"
"Si pudieras diseñar un uniforme no convencional de algún escuadrón militar, ¿cómo crees que sería? Usa tu imaginación.","If you could design an unconventional uniform for a military squadron, what do you think it would look like? Use your imagination."
"Si tus manos estuvieran congeladas en una posición o gesto, ¿qué posición elegirías?","If your hands were frozen in a position or gesture, what position would you choose?"
"Si pudieras hacer algunas tareas sencillas mientras estás dormido, ¿qué te gustaría hacer?","If you could do some simple tasks while you were asleep, what would you like to do?"
"Si los Jedi fueran reales y tuvieras que deshacerte de todas tus pertenencias y nunca tener una relación romántica para pertenecer a ellos, ¿te convertirías en un Jedi?","If the Jedi were real and you had to get rid of all your belongings and never have a romantic relationship to belong to them, would you become a Jedi?"
"Si adquirieras repentinamente los conocimientos y capacidades de un hacker de clase mundial, ¿qué harías?","If you suddenly acquired the knowledge and capabilities of a world-class hacker, what would you do?"
"Si pudieras hablar dos idiomas (que no conozcas) con fluidez, ¿qué idiomas elegirías?","If you could speak two languages (that you don't know) fluently, which languages would you choose?"
"Si ganaras la lotería, ¿qué crees que NO cambiaría?","If you won the lottery, what do you think you would NOT change?"
"Si pudieras traer de vuelta alguna serie de televisión que haya sido cancelada, ¿cuál elegirías?","If you could bring back any TV series that has been cancelled, which one would you choose?"
"Si tuvieras que comprobar por mensaje de texto que eres humano y no un robot, ¿cómo lo harías?","If you had to prove by text message that you were human and not a robot, how would you do it?"
"Si pudieras viajar en el tiempo y evitar que alguien invente algo, ¿qué invento eliminarías?","If you could travel back in time and stop someone from inventing something, what invention would you eliminate?"
"Si pudieras descubrir la verdad que hay detrás de un secreto o misterio, ¿Cuál elegirías?","If you could discover the truth behind a secret or mystery, which one would you choose?"
"Si pudieras volver a nombrar cinco animales, ¿qué animales elegirías, y cuáles serían sus nuevos nombres?","If you could rename five animals, which animals would you choose, and what would their new names be?"
"Si tuvieras una cantidad infinita de LEGOs, y no pudieras venderlos, ¿qué construirías?","If you had an infinite amount of LEGOs, and you couldn't sell them, what would you build?"
"Si tu salario se duplicara, ¿qué harías con ese dinero extra?","If your salary doubled, what would you do with that extra money?"
"Si te enteraras que vas a morir en una semana, ¿qué harías con el tiempo que te queda?","If you found out you were going to die in a week, what would you do with the time you had left?"
"Si todos los animales fueran tan inteligentes como los humanos, y tuvieran la capacidad de hablar, ¿qué trabajos crees que harían?","If all animals were as intelligent as humans, and had the ability to talk, what jobs do you think they would do?"
"Si pudieras intercambiar el sabor de dos comidas, ¿qué comidas elegirías?","If you could interchange the taste of two foods, which foods would you choose?"
"Si pudieras elegir un método de transporte (sin importar lo ridículo que sea) para conocer la ciudad, ¿cuál elegirías?","If you could choose one method of transportation (no matter how ridiculous) to get around town, which one would you choose?"
"Asumiendo que te gusta el mar, ¿cómo crees que sería tu bote o yate ideal, y cómo lo nombrarías?","Assuming you love the sea, what do you think your ideal boat or yacht would look like, and what would you name it?"
¿Cómo cambiaría el mundo si los mamíferos (incluyendo humanos) pusieran huevos en vez de parir?,How would the world change if mammals (including humans) laid eggs instead of giving birth?
"Si te dieran la tarea de hacer la escuela más divertida y efectiva para los estudiantes, ¿qué cambios harías?","If you were given the task of making school more fun and effective for students, what changes would you make?"
"Si pudieras crear un medicamento que curara una sola enfermedad, ¿qué curarías milagrosamente?","If you could create a drug that would cure a single disease, what would you miraculously cure?"
"Si pudieras nacer de nuevo en otro país, con otra raza, y otro género, ¿cómo crees que serías?","If you could be born again in another country, with another race, and another gender, what do you think you would be like?"
¿A qué criatura fantástica te gustaría traer a la vida real?,What fantasy creature would you like to bring into real life?
"Si pudieras contratar a un mayordomo o una sirvienta, ¿lo harías?","If you could hire a butler or maid, would you?"
"Si perdieras la audición, ¿qué sonido crees que extrañarías más?","If you lost your hearing, what sound do you think you would miss the most?"
"Si pudieras diseñar y darle vida a un nuevo animal, ¿cómo sería?","If you could design and bring to life a new animal, what would it look like?"
"Si pudieras saber cuándo y cómo morirá una persona con tan solo tocar sus manos, ¿cómo crees que usarías ese poder? Debes tener en cuenta que no puedes cambiar su destino.","If you could know when and how a person will die just by touching their hands, how do you think you would use that power? You must keep in mind that you cannot change their destiny."
"Si pudieras unir dos países de manera harmoniosa, ¿qué países elegirías?","If you could unite two countries harmoniously, which countries would you choose?"
"Si pudieras viajar en el tiempo y deshacer algo que hiciste, ¿qué cambiarías?","If you could travel back in time and undo something you did, what would you change?"
"Si tuvieras todo el dinero del mundo y pudieras hacer una fiesta, ¿qué clase de fiesta harías?","If you had all the money in the world and could throw a party, what kind of party would you throw?"
"Si pudieras hacer comestible alguna cosa no comestible para los humanos, ¿qué cosa elegirías?","If you could make something inedible for humans edible, what would you choose?"
"Si te dieran la oportunidad de nacer en otra época, ¿en qué tiempo te gustaría nacer?","If you were given the chance to be born in another time, what time would you want to be born in?"
"Si los androides fueran reales, ¿cómo crees que la gente los trataría?","If androids were real, how do you think people would treat them?"
"Si tuvieras un montón de plastilina y cualquier cosa moldeada por ti cobrara vida, ¿para qué la usarías?","If you had a pile of play dough and anything molded by you came to life, what would you use it for?"
"Si pudieras controlar un aspecto corporal que usualmente se autorregula (ej., temperatura corporal, digestión, ritmo cardiaco, etc.), ¿qué sistema controlarías?","If you could control a bodily aspect that is usually self-regulating (e.g., body temperature, digestion, heart rate, etc.), what system would you control?"
"Si fueras un luchador profesional de la WWE, ¿cuál sería tu nombre e identidad?","If you were a professional WWE wrestler, what would your name and identity be?"
¿Qué harías si tuvieras una verdadera bolsa de contención (para introducir objetos grandes en una bolsa pequeña)?,What would you do if you had a real bag of holding (to fit large objects into a small bag)?
"Si pudieras crear una marca de cerveza, vino, refresco, o bebida, ¿qué harías, cómo la llamarías, y cómo se diferenciaría tu marca?","If you could create a brand of beer, wine, soft drink, or beverage, what would you do, what would you call it, and how would your brand be differentiated?"
"Si pudieras hacer que una persona de cada país trabajara en un solo proyecto o hacia un solo objetivo, ¿cuál sería?","If you could have one person from each country work on a single project or toward a single goal, what would it be?"
"Si pudieras diseñar un nuevo día festivo, ¿qué crearías y qué tradiciones tendría?","If you could design a new holiday, what would you create and what traditions would it have?"
"Si pudieras hablar cuatro idiomas con fluidez, ¿qué idiomas elegirías?","If you could speak four languages fluently, which languages would you choose?"
"Si pudieras conocer el historial de Internet de una persona, ¿a quién elegirías?","If you could know a person's Internet history, who would you choose?"
"Si pudieras volver a diseñar la especie humana, ¿qué partes añadirías o quitarías?","If you could redesign the human species, what parts would you add or remove?"
"Si pudieras volverte tres veces más grande o cincuenta veces más pequeño a voluntad, ¿cómo crees que pasarías más tiempo: siendo grande o pequeño? ¿Por qué?","If you could make yourself three times bigger or fifty times smaller at will, how do you think you would spend more time: being big or small? Why?"
"Si pudieras conducir cualquier vehículo durante un par de horas, ¿qué vehículo elegirías?","If you could drive any vehicle for a couple of hours, which vehicle would you choose?"
"Si tuvieras una pluma con tinta mágica, ¿qué crees que pasaría al escribir algo?","If you had a pen with magic ink, what do you think would happen when you wrote something?"
"Si te dieran la oportunidad de ser amigo de alguna persona, ¿a quién elegirías? Piensa en grande.","If you were given the opportunity to be friends with any person, who would you choose? Think big."
"Si pudieras ser un personaje no jugador (NPC) de algún videojuego, ¿en qué juego te gustaría vivir?","If you could be a non-player character (NPC) in any video game, what game would you want to live in?"
¿Por qué te gustan las bandas que te gustan?,Why do you like the bands you like?
¿Cuál fue tu peor experiencia de viaje?,What was your worst travel experience?
¿Cuál fue el encuentro casual más importante que has tenido?,What was the most important chance encounter you have ever had?
¿Cuál es el proceso a seguir para preparar tu plato favorito?,What is the process to follow to prepare your favorite dish?
¿Cuál es la vida que vale la pena ser vivida?,What is the life worth living?
¿Cómo te afectó como persona el hecho de ir a la escuela?,How did going to school affect you as a person?
¿Qué tan importante crees que es la superación personal?,How important do you think self-improvement is?
¿Cómo será la guerra en el futuro?,What will war be like in the future?
¿Qué estrategias usas para tomar decisiones importantes?,What strategies do you use to make important decisions?
¿Qué planes tienes para el futuro?,What plans do you have for the future?
¿Cómo le explicarías la idea de justicia a un extraterrestre?,How would you explain the idea of justice to an alien?
¿Por qué la felicidad parece algo fácil para algunos pero no para otros?,Why does happiness seem easy for some people but not for others?
¿Qué políticas podría implementar el gobierno para mejorar la salud de las personas?,What policies could the government implement to improve people's health?
¿Cuál ha sido el sueño más aterrador que has tenido?,What has been the scariest dream you've ever had?
¿Qué trucos para tu vida diaria has descubierto que sean particularmente efectivos?,What tricks for your daily life have you discovered that are particularly effective?
"¿Si pudieras diseñar un reality show, cómo sería?","If you could design a reality show, what would it be like?"
"¿Qué combinaciones de sabores te gustan, y por qué crees que saben tan bien?","What flavor combinations do you like, and why do you think they taste so good?"
¿Por qué se ríen las personas?,Why do people laugh?
¿Cómo han cambiado los estándares de belleza a lo largo de tu vida?,How have beauty standards changed over your lifetime?
¿Cuál es tu mejor historia laboral o escolar?,What is your best work or school story?
¿Cuál es la imagen más relajante que puedes evocar en tu mente?,What is the most relaxing image you can conjure up in your mind?
¿Por qué algunas palabras nos suenan extrañas?,Why do some words sound strange to us?
¿Qué es lo mejor y lo peor de tu restaurante favorito?,What is the best and worst thing about your favorite restaurant?
¿Cómo cambiaría tu país si se les permitiera votar a los niños?,How would your country change if children were allowed to vote?
¿Qué experimentos te gustaría realizar si el tiempo y el dinero no fueran un problema?,What experiments would you like to do if time and money were no object?
¿Cómo cambiaría el mundo si algunas personas tuvieran poderes mágicos y otras no?,How would the world change if some people had magical powers and others didn't?
¿Cómo podría hacer mejor su trabajo tu jefe o profesor?,How could your boss or teacher do his or her job better?
¿Por qué es tan difícil aprender de nuestros errores?,Why is it so hard to learn from our mistakes?
¿Cuál es el razonamiento detrás de tu opinión más controversial o polémica?,What is the reasoning behind your most controversial or controversial opinion?
¿Cómo sueles celebrar algunas de las festividades más populares?,How do you usually celebrate some of the most popular holidays?
¿Qué valiosas lecciones deberíamos aprender de la historia?,What valuable lessons should we learn from history?
¿Cómo la fotografía ha cambiado el mundo?,How has photography changed the world?
¿En qué difieren tus valores de los valores de los otros?,How do your values differ from the values of others?
¿Por qué los seres humanos construyen estructuras monumentales?,Why do humans build monumental structures?
¿En qué te gustaría que tu país cambiara?,How would you like your country to change?
¿Qué idea conspirativa totalmente infundada te gustaría empezar?,What totally unfounded conspiracy idea would you like to start?
¿Qué cosas cambiarías de las Olimpiadas para hacerlas aún más emocionantes?,What things would you change about the Olympics to make them even more exciting?
¿Cómo te afectaron los momentos más importantes de tu infancia?,How did the highlights of your childhood affect you?
¿Qué situaciones sociales te aterran?,What social situations terrify you?
¿Cómo ha influido el café en el curso de la historia de la humanidad?,How has coffee influenced the course of human history?
¿Cuál es tu rutina en un día promedio de la semana?,What is your routine on an average weekday?
¿Que hacen bien y que hacen mal los medios de comunicación en su servicio al público?,What does the media do right and wrong in its service to the public?
¿Qué ocurrió en el video de YouTube más gracioso que has visto?,What happened in the funniest YouTube video you've ever seen?
"¿Por qué algunas personas prefieren a los gatos, otras a los  perros y a otras ninguno?","Why do some people prefer cats, some prefer dogs, and some prefer neither?"
¿Cuál es la historia detrás  de cómo conociste a tu mejor amigo(a)?,What is the story behind how you met your best friend?
¿Cuándo la investigación científica deja de ser ética?,When does scientific research stop being ethical?
¿Qué sucedería durante el mejor día que puedas imaginar?,What would happen during the best day you can imagine?
¿Que hace que una canción sea pegajosa?,What makes a song catchy?
¿Cuál es el peor error de trabajo que has cometido?,What's the worst work mistake you've ever made?
¿Cómo luciría tu casa perfecta?,What would your perfect house look like?
¿Qué preguntas puedes hacer para conocer mejor a una persona?,What questions can you ask to get to know a person better?
¿Por qué a las personas les gusta ver películas que les asustan o que los hacen sentir tristes?,Why do people like to watch movies that scare them or make them feel sad?
¿Qué hace que tu lugar favorito sea mejor que cualquier otro lugar que has visitado?,What makes your favorite place better than any other place you've visited?
¿Cómo sería tu mundo utópico?,What would your utopian world be like?
¿Cómo te prepararías para un apocalipsis zombie?,How would you prepare for a zombie apocalypse?
¿Cómo crees que la ingeniería genética cambiará al mundo en el futuro?,How do you think genetic engineering will change the world in the future?
¿Cuál es la trama de tu libro o película favorita?,What is the plot of your favorite book or movie?
¿Cómo deberían los gobiernos solucionar las brechas económicas que se siguen ensanchando en los países que las tienen?,How should governments address the economic gaps that continue to widen in countries that have them?
¿Por qué son divertidos los juegos?,Why are games fun?
¿En qué ocasión  ser cortés y tener buenos modales te metió en un problema?,On what occasion did being polite and having good manners get you into trouble?
¿Cuáles serían tus vacaciones perfectas?,What would be your perfect vacation?
¿Cómo cambiaría la sociedad si descubrieramos que los fantasmas realmente existen?,How would society change if we discovered that ghosts really exist?
¿Qué es el arte?,What is art?
¿Qué efecto tendría que el internet se detuviera?,What effect would it have if the internet stopped?
¿Cómo te empezaron a gustar los pasatiempos que disfrutas?,How did you get into the hobbies you enjoy?
¿Cuál es tu recuerdo favorito ligado a una festividad?,What is your favorite holiday-related memory?
¿Qué admiras de tus héroes?,What do you admire about your heroes?
¿Cómo sería tu pareja ideal?,What would your ideal partner be like?
¿Cómo sería el mundo si de repente todo el mundo pudiera leer los pensamientos de los otros?,What would the world be like if suddenly everyone could read each other's thoughts?
"¿Cuál es el tema, sitio o cosa de internet más rara con la que te has obsesionado?","What is the weirdest internet topic, site or thing you've ever obsessed over?"
¿Cuáles son las condiciones necesarias para que se considere que algo está vivo?,What are the conditions necessary for something to be considered alive?
¿Cómo funciona el motor de un automóvil?,How does a car engine work?
¿De qué manera piensas que se diferencia tu generación de la anterior?,In what ways do you think your generation differs from the previous one?
"Si tuvieras recursos ilimitados,  ¿Cómo harías del mundo un lugar mejor?","If you had unlimited resources, how would you make the world a better place?"
¿Qué cosas tendría un parque para niños hecho para adultos?,What things would a children's playground made for adults have?
¿Cómo sería tu “lugar feliz”?,"What would your ""happy place"" be like?"
¿Cuáles serían las mayores ventajas y desventajas que tendrían los seres humanos sí colonizaran un planeta diferente?,What would be the biggest advantages and disadvantages humans would have if they colonized a different planet?
¿Por qué los seres humanos  se sienten tan impulsados a dar respuestas a los misterios?,Why are humans so driven to provide answers to mysteries?
¿Cuál es la historia de fracaso criminal más divertida que has escuchado?,What's the funniest criminal failure story you've ever heard?
"Si tuvieras $200,000 para gastar en una fiesta, ¿Cómo los gastarías?","If you had $200,000 to spend on a party, how would you spend it?"
¿Cómo cambiarán los celulares en el futuro?,How will cell phones change in the future?
"Si tuvieras suficiente dinero como para nunca tener que trabajar, ¿Cómo sería un día típico en tu vida?","If you had enough money to never have to work, what would a typical day in your life be like?"
¿Cómo podría la humanidad colonizar otros planetas?,How could humanity colonize other planets?
¿Cómo crees que serán los programas de televisión dentro de 30 años?,What do you think TV shows will be like in 30 years?
¿Cómo se vería un automóvil especialmente diseñado para ti?,What would a car specially designed for you look like?
¿Qué te hace ser quien eres?,What makes you who you are?
¿Cuál es la historia real más divertida que has escuchado?,What's the funniest true story you've ever heard?
¿Cómo manejarías la incorporación a la sociedad de alguien que ha estado congelado durante 100 años?,How would you handle the incorporation into society of someone who has been frozen for 100 years?
¿Por qué crees que a los humanos les parecen adorables los animales bebés?,Why do you think humans find baby animals adorable?
¿De qué forma los momentos históricos más significativos de tu país cambiaron el tejido de la sociedad?,In what ways did your country's most significant historical moments change the fabric of society?
¿De qué manera te saboteas a ti mismo?,In what ways do you sabotage yourself?
¿Cómo podría tu gobierno local mejorar tu pueblo o ciudad?,How could your local government improve your town or city?
¿Por qué las teorías conspirativas atraen a tanta gente?,Why do conspiracy theories appeal to so many people?
¿Qué hace que te guste o te disguste una persona?,What makes you like or dislike a person?
¿Cuáles son algunas de las limitaciones del capitalismo?,What are some of the limitations of capitalism?
¿Cómo sería el mejor parque de diversiones del mundo?,What would the best amusement park in the world look like?
¿Cuáles son algunas de las normas no escritas de la sociedad?,What are some of the unwritten rules of society?
¿Cómo reaccionan tu mente y tu cuerpo frente al estrés?,How do your mind and body react to stress?
¿Cuáles son tus 3 reglas principales para ir por la vida?,What are your top 3 rules for getting through life?
¿Qué hace que tu recuerdo favorito te venga a la mente?,What brings your favorite memory to mind?
¿Qué cosa hace que te sientas motivado?,What makes you feel motivated?
¿Qué hace que la vida valga la pena y qué la hace buena?,What makes life worthwhile and what makes it good?
¿Qué riesgos vale la pena correr?,What risks are worth taking?
¿Qué cosas das por sentado?,What things do you take for granted?
¿Quién te inspira a ser mejor?,Who inspires you to be better?
¿De qué tienes dudas?,What do you have doubts about?
¿Cuándo te sientes realmente “vivo”?,"When do you really feel ""alive""?"
¿A qué hecho te has resignado?,What have you resigned yourself to?
¿Qué es lo mejor acerca de ti?,What is the best thing about you?
¿Cómo sería una versión opuesta de ti mismo?,What would an opposite version of yourself look like?
¿Qué miedo irracional tienes?,What irrational fear do you have?
¿Cuál sería tu espíritu animal?,What would be your spirit animal?
¿Cuál sería el monstruo más aterrador que podrías imaginar?,What would be the scariest monster you could imagine?
¿Cuál es la lección más dura que has aprendido?,What is the hardest lesson you have learned?
¿Qué cosa de ti te hace sentir acomplejado o te avergüenza?,What is something about you that makes you feel self-conscious or embarrassed?
¿Cuáles son algunos de tus olores favoritos?,What are some of your favourite smells?
¿Alguna vez has donado a una caridad?,Have you ever donated to a charity?
¿Cuál fue la última aventura que tuviste o a la que fuiste?,What was the last adventure you had or went on?
¿Cuáles son tres datos interesantes sobre ti?,What are three interesting facts about yourself?
¿Cuál es el mejor cumplido que has recibido?,What is the best compliment you have ever received?
¿Qué encuentro fortuito cambió tu vida para siempre?,What chance encounter changed your life forever?
¿Cuál quieres que sea tu epitafio?,What do you want your epitaph to be?
"¿En qué eres realmente bueno, pero te avergüenzas de serlo?","What are you really good at, but ashamed to be?"
¿Cuál es el “Santo Grial” de tu vida?,"What is the ""Holy Grail"" of your life?"
¿Qué es lo que más te gusta de tu familia?,What do you love most about your family?
¿Qué es lo que la gente piensa que es raro en ti?,What do people think is weird about you?
¿Cuál es una opinión controvertida que tienes?,What is one controversial opinion you have?
¿Quién en tu vida te trae más alegría?,Who in your life brings you the most joy?
¿Quién tuvo el mayor impacto en la persona en la que te has convertido?,Who had the biggest impact on the person you have become?
¿Qué cosa NUNCA volverías a hacer?,What is one thing you would NEVER do again?
¿Quién es/era tu amigo(a) más interesante?,Who is/was your most interesting friend?
¿En qué es lo más probable que te equivoques o estés equivocado(a)?,What are you most likely to be wrong or mistaken about?
¿Qué es lo más inmaduro que sueles hacer?,What is the most immature thing you usually do?
¿Qué estereotipo te identifica a cabalidad?,What stereotype do you most identify with?
¿Cuál es la mayor lección que NUNCA terminaste de aprender?,What is the biggest lesson you have NEVER finished learning?
¿Qué logro tonto o insignificante te hace sentir más orgulloso?,What silly or insignificant achievement makes you most proud?
¿Cuál ha sido el mejor regalo que has recibido?,What was the best gift you ever received?
¿En qué capítulos estaría separada tu autobiografía?,What chapters would your autobiography be separated into?
¿Cuáles esperas que sean tus últimas palabras?,What do you hope your last words will be?
¿En qué es lo que piensas más?,What do you think about most?
¿Qué cosa parece que nunca puedes terminar?,What one thing can you never seem to finish?
¿Qué error sigues cometiendo una y otra vez?,What mistake do you keep making over and over again?
¿Qué es lo mejor que obtuviste de tus padres?,What is the best thing you got from your parents?
¿Qué es lo más extraño con lo que te has tropezado o encontrado en tu vida?,What is the strangest thing you have ever stumbled upon or encountered in your life?
¿¿Qué es lo mejor y lo peor de envejecer?,What is the best and the worst thing about growing old?
¿Qué es algo que estás seguro de que nunca experimentarás?,What is something you are sure you will never experience?
¿En qué cosa desafiante estás trabajando durante estos días?,What is one challenging thing you are working on these days?
¿Cuál es una responsabilidad que realmente desearías no tener?,What is one responsibility you really wish you didn't have?
¿Qué desearías que tu cerebro hiciera mejor?,What do you wish your brain did better?
"Si tu infancia tuviera un olor, ¿cuál sería?","If your childhood had a smell, what would it be?"
"En tu grupo de amigos, ¿cuál es tu rol?","In your group of friends, what is your role?"
¿Cuál de tus cicatrices tiene la mejor historia detrás de ella?,Which of your scars has the best story behind it?
¿Qué cosa has creado o construido de la cual te sientes muy orgulloso?,What one thing have you created or built that you are most proud of?
¿Qué cosa sospechas con fuerza que es el caso pero no tienes pruebas para demostrarlo?,What do you strongly suspect is the case but have no evidence to prove it?
¿Cuáles fueron algunos de los puntos de inflexión en tu vida?,What were some of the turning points in your life?
¿Qué hace explotar tu cabeza cada vez que piensas en ello?,What makes your head explode every time you think about it?
¿Cuál es el título del capítulo de tu vida en el que te encuentras ahora?,What is the title of the chapter of your life you are in now?
"Dentro de tus amigos o familia, ¿eres famoso por qué cosa?","Among your friends or family, what are you famous for?"
¿Qué es algo que tus amigos no podrían creer que cierto acerca de ti?,What is something that your friends could not believe to be true about you?
¿Qué es algo horrible que todo el mundo debería probar al menos una vez?,What is something horrible that everyone should try at least once?
"Si tuvieras una bandera personal, ¿qué habría en ella?","If you had a personal flag, what would be on it?"
"Si tu vida fuera un libro, ¿cuál sería el título?","If your life were a book, what would the title be?"
"Si fueras el último ser humano sobre la faz tierra, ¿qué harías?","If you were the last human being on the face of the earth, what would you do?"
¿Qué datos o estadísticas sobre tu vida te gustaría poder ver?,What facts or statistics about your life would you like to be able to see?
¿Qué cosa pensaste que olvidarías o que ya no harías cuando crecieras pero no pasó?,What did you think you would forget or not do when you grew up but didn't?
¿Cuáles son tres de los números más significativos de tu vida?,What are three of the most significant numbers in your life?
¿Cuáles son algunas de tus “reglas” personales que nunca rompes?,"What are some of your personal ""rules"" that you never break?"
¿Cuál es el mejor y el peor consejo que has recibido?,What is the best and the worst advice you have ever received?
¿Qué es lo que más te molesta de los grupos afines de los que formas parte?,What bothers you most about the affinity groups you are part of?
¿Qué pequeño gesto de un extraño te ha impactado más?,What small gesture from a stranger has had the biggest impact on you?
¿Qué te arrepientes de no haber hecho o empezado cuando eras más joven?,What do you regret not having done or started when you were younger?
¿Cuál es la cosa más tonta que has hecho pero que al final ha salido bastante bien?,What's the silliest thing you've done that turned out pretty well in the end?
"Cuando la gente te mira, ¿qué crees que ven/piensan?","When people look at you, what do you think they see/think?"
"¿Qué es lo que no puedes hacer bien, no importa cuántas veces lo intentes?","What is one thing you can't do well, no matter how many times you try?"
¿Qué pregunta puedes hacer para saber más sobre una persona?,What question can you ask to find out more about a person?
"A medida que envejeces, ¿a qué le temes cada vez más?","As you get older, what are you increasingly afraid of?"
¿Qué cambio de estilo de vida has querido hacer desde hace tiempo?,What lifestyle change have you wanted to make for a long time?
¿En qué situación o lugar te sientes más incómodo o fuera de sitio?,In what situation or place do you feel most uncomfortable or out of place?
Hay dos tipos de personas en este mundo. ¿Cuáles son los dos tipos?,"There are two types of people in this world, what are the two types?"
¿Qué rasgo de personalidad valoras más y cuál es el que más te disgusta?,Which personality trait do you value the most and which do you dislike the most?
¿Cuándo fue la última vez que cambiaste de opinión acerca de algo importante?,When was the last time you changed your mind about something important?
¿Qué harías si supieras que vas a morir en un día?,What would you do if you knew you were going to die in a day?
¿Cuáles son algunos de los eventos en tu vida que te hicieron ser quien eres?,What are some of the events in your life that made you who you are?
"Si la vida es un juego como algunos dicen, ¿cuáles son sus reglas?","If life is a game as some say, what are its rules?"
¿Qué podrías hacer con dos millones de dólares para impactar a la mayor cantidad de gente posible?,What could you do with two million dollars to impact as many people as possible?
¿Cuáles serían las cosas más molestas de tenerte como compañero de cuarto?,What would be the most annoying things about having you as a roommate?
¿Por qué cosa quieres ser recordado?,What do you want to be remembered for?
"Si pudieras crear una regla que todos tuvieran que seguir, ¿qué regla crearías?","If you could create one rule that everyone had to follow, what rule would you create?"
¿Qué es algo que pasó o algo que alguien dijo que cambió la forma de ver el mundo?,What is something that happened or something that someone said that changed the way you see the world?
"Si te pusieran en aislamiento durante seis meses, ¿qué harías para mantenerte cuerdo?","If you were put in solitary confinement for six months, what would you do to stay sane?"
"Si pudieras tener un video de cualquier evento de tu vida, ¿qué evento elegirías?","If you could have a video of any event in your life, what event would you choose?"
¿Qué opinión o creencia increíblemente fuerte tienes que no tiene ninguna importancia para el gran esquema de las cosas?,What incredibly strong opinion or belief do you hold that has no relevance to the grand scheme of things?
¿Cuáles son las tres cosas principales que quieres lograr antes de morir? ¿Qué tan cerca estás de lograrlas?,What are the top three things you want to achieve before you die? How close are you to achieving them?
"Si pudieras convencer a todos en el mundo de hacer una cosa en un momento dado, ¿qué sería esa cosa?","If you could convince everyone in the world to do one thing at one time, what would that one thing be?"
"Si tuvieras un reloj que hiciera una cuenta regresiva para cualquier evento que eligieras, ¿a qué evento querrías que hiciera una cuenta regresiva?","If you had a clock that counted down to any event you chose, what event would you want it to count down to?"
¿Qué te gustaría poder decirte a ti mismo(a) de hace diez años? ¿Qué crees que querrás decirte a ti mismo(a) dentro de diez años?,What do you wish you could say to yourself from ten years ago? What do you think you would want to say to yourself in ten years?
¿Alguna vez alguien te salvó la vida?,Has anyone ever saved your life?
¿Qué temes que se esconda en la oscuridad?,What do you fear lurks in the darkness?
"Si te vieras obligado a revivir un bloque de diez minutos de tu vida una y otra vez por toda la eternidad, ¿qué diez minutos de tu vida elegirías?","If you were forced to relive a ten-minute block of your life over and over again for eternity, which ten minutes of your life would you choose?"
¿Qué metas personales tienes?,What are your personal goals?
¿Cuáles son tus metas para los próximos dos años?,What are your goals for the next two years?
¿Cómo han cambiado tus objetivos a lo largo de tu vida?,How have your goals changed throughout your life?
¿Qué tanto planificas para el futuro?,How much do you plan for the future?
¿Cómo planeas hacer del mundo un lugar mejor?,How do you plan to make the world a better place?
¿Cuáles son algunos de los objetivos que ya has alcanzado?,What are some of the goals you have already achieved?
¿Qué esperas conseguir en tu vida profesional?,What do you hope to achieve in your professional life?
¿Han influido tus padres en las metas que tienes?,Have your parents influenced the goals you have?
¿Sueles alcanzar los objetivos que te propones? ¿Por qué o por qué no?,"Do you usually achieve the goals you set for yourself, why or why not?"
¿Cuál es la mejor manera de mantenerse motivado y cumplir con las metas?,What is the best way to stay motivated and meet your goals?
¿Cuáles son algunos de los objetivos que no has logrado alcanzar?,What are some of the goals you have failed to achieve?
¿Cuál es la cosa más loca y escandalosa que quieres lograr?,"What is the craziest, most outrageous thing you want to achieve?"
¿Cuándo quieres retirarte? ¿Qué quieres hacer cuando te retires?,When do you want to retire? What do you want to do when you retire?
¿Qué metas personales tienes?,What are your personal goals?
¿Cuáles son tus metas para los próximos dos años?,What are your goals for the next two years?
¿Cómo han cambiado tus objetivos a lo largo de tu vida?,How have your goals changed throughout your life?
¿Qué tanto planificas para el futuro?,How much do you plan for the future?
¿Cómo planeas hacer del mundo un lugar mejor?,How do you plan to make the world a better place?
¿Cuáles son algunos de los objetivos que ya has alcanzado?,What are some of the goals you have already achieved?
¿Qué esperas conseguir en tu vida profesional?,What do you hope to achieve in your professional life?
¿Han influido tus padres en las metas que tienes?,Have your parents influenced the goals you have?
¿Sueles alcanzar los objetivos que te propones? ¿Por qué o por qué no?,"Do you usually achieve the goals you set for yourself, why or why not?"
¿Cuál es la mejor manera de mantenerse motivado y cumplir con las metas?,What is the best way to stay motivated and meet your goals?
¿Cuáles son algunos de los objetivos que no has logrado alcanzar?,What are some of the goals you have failed to achieve?
¿Cuál es la cosa más loca y escandalosa que quieres lograr?,"What is the craziest, most outrageous thing you want to achieve?"
¿Cuándo quieres retirarte? ¿Qué quieres hacer cuando te retires?,When do you want to retire? What do you want to do when you retire?
¿Cuál es la parte del cuerpo que no le importaría perder?,What’s a body part that you wouldn’t mind losing?
¿Cuál es la forma más tonta en que te has lesionado?,What is the dumbest way you’ve been injured?
¿Cuál es la mejor y la peor compra que has hecho?,What is the best and worst purchases you’ve ever made?
"Si tuvieras que cambiar tu nombre, ¿cuál sería tu nuevo nombre y por qué lo elegirías?","If you had to change your name, what would your new name be, and why would you choose that name?"
¿Cuál es tu mayor metedura de pata en la cocina?,What’s your biggest screw up in the kitchen?
¿Qué es lo más loco que ha hecho uno de tus profesores?,What is the craziest thing one of your teachers has done?
"¿Cuándo has metido la pata en todo, pero nadie se ha enterado de que has sido tú?","When did you screw everything up, but no one ever found out it was you?"
"¿Qué problema o situación te hizo pensar la televisión o las películas que sería común, pero cuando creciste descubriste que no lo era?","What problem or situation did TV / movies make you think would be common, but when you grew up you found out it wasn’t?"
"Además de los insectos y las arañas, ¿qué animales te molestan más?","Besides insects and spiders, what animals annoy you the most?"
¿Qué haces para relajarte después de un día duro?,What do you do to unwind after a hard day?
"¿Cuál es, en tu opinión, el animal más sorprendente y por qué?","What, in your opinion, is the most amazing animal and why?"